player_id,player_name,player_display_name,position_x,season,season_type,rushing_yards,gsis_id,display_name,common_first_name,first_name,last_name,short_name,football_name,suffix,esb_id,nfl_id,pfr_id,pff_id,otc_id,espn_id,smart_id,birth_date,position_group,position_y,ngs_position_group,ngs_position,height,weight,headshot,college_name,college_conference,jersey_number,rookie_season,last_season,latest_team,status,ngs_status,ngs_status_short_description,years_of_experience,pff_position,pff_status,draft_year,draft_round,draft_pick,draft_team
00-0030578,C.Patterson,Cordarrelle Patterson,RB,2024,REG,135,00-0030578,Cordarrelle Patterson,Cordarrelle,Cordarrelle,Patterson,C.Patterson,Cordarrelle,,PAT387075,39975,PattCo00,7810,2210,15807,32005041-5438-7075-4e25-a1072ce2f5ac,1991-03-17,RB,RB,,,74.0,220.0,"https://static.www.nfl.com/image/upload/f_auto,q_auto/league/jktdrwmujfuqp94csnav",Tennessee; Hutchinson CC,Southeastern Conference,84,2013,2024,PIT,ACT,CUT,Active,12,HB,A,2013.0,1.0,29.0,MIN
00-0031687,R.Mostert,Raheem Mostert,RB,2024,REG,278,00-0031687,Raheem Mostert,Raheem,Dominique,Mostert,R.Mostert,Raheem,,MOS822492,42718,MostRa00,9783,4146,2576414,32004d4f-5382-2492-b0f0-aec08c3525cf,1992-04-09,RB,RB,RB,RB,70.0,212.0,"https://static.www.nfl.com/image/upload/f_auto,q_auto/league/fas5rkweusx2hl7abtzh",Purdue,Big Ten Conference,31,2015,2025,LV,ACT,ACT,Active,11,HB,A,,,,
00-0032104,A.Abdullah,Ameer Abdullah,RB,2024,REG,311,00-0032104,Ameer Abdullah,Ameer,Ameer,Abdullah,A.Abdullah,Ameer,,ABD647726,42397,AbduAm00,9487,3902,2576336,32004142-4464-7726-b649-e09413abd27c,1993-06-13,RB,RB,RB,RB,69.0,203.0,"https://static.www.nfl.com/image/upload/f_auto,q_auto/league/jvkgnlj5fn16mnmdyr4i",Nebraska,Big Ten Conference,26,2015,2025,IND,ACT,ACT,Active,11,HB,A,2015.0,2.0,54.0,DET
00-0032764,D.Henry,Derrick Henry,RB,2024,REG,1921,00-0032764,Derrick Henry,Derrick,Derrick,Henry,D.Henry,Derrick,,HEN602843,43334,HenrDe00,10679,4758,3043078,32004845-4e60-2843-9b64-3cd8fac319c3,1994-01-04,RB,RB,RB,RB,75.0,252.0,"https://static.www.nfl.com/image/upload/f_auto,q_auto/league/jxtikemnvpkw9r0ex2wv",Alabama,Southeastern Conference,22,2016,2025,BAL,ACT,ACT,Active,10,HB,A,2016.0,2.0,45.0,TEN
00-0033045,E.Elliott,Ezekiel Elliott,RB,2024,REG,226,00-0033045,Ezekiel Elliott,Ezekiel,Ezekiel,Elliott,E.Elliott,Ezekiel,,ELL289284,43293,ElliEz00,10638,4717,3051392,3200454c-4c28-9284-cdcc-74694c8d1749,1995-07-22,RB,RB,RB,RB,72.0,226.0,"https://static.www.nfl.com/image/upload/f_auto,q_auto/league/d4yr6htg4dbs0bgcfqnd",Ohio State,Big Ten Conference,,2016,2024,LAC,DEV,DEV,PS; Vet,9,HB,A,2016.0,1.0,4.0,DAL
00-0033280,C.McCaffrey,Christian McCaffrey,RB,2024,REG,202,00-0033280,Christian McCaffrey,Christian,Christian,McCaffrey,C.McCaffrey,Christian,,MCC035988,44820,McCaCh01,11763,5592,3117251,32004d43-4303-5988-790d-0077d6a4692b,1996-06-07,RB,RB,RB,RB,71.0,210.0,"https://static.www.nfl.com/image/upload/f_auto,q_auto/league/resjdwihunsqckohcorj",Stanford,Pacific Twelve Conference,23,2017,2025,SF,ACT,ACT,Active,9,HB,A,2017.0,1.0,8.0,CAR
00-0033293,A.Jones,Aaron Jones,RB,2024,REG,1138,00-0033293,Aaron Jones,Aaron,Aaron,Jones,A.Jones,Aaron,,JON026624,44995,JoneAa00,11937,5768,3042519,32004a4f-4e02-6624-33bd-3ba151b7013d,1994-12-02,RB,RB,RB,RB,69.0,208.0,"https://static.www.nfl.com/image/upload/f_auto,q_auto/league/bktkfvgfwujkdbzkcfim",Texas-El Paso,Conference USA,33,2017,2025,MIN,ACT,ACT,Active,9,HB,A,2017.0,5.0,182.0,GB
00-0033526,S.Perine,Samaje Perine,RB,2024,REG,92,00-0033526,Samaje Perine,Samaje,Samaje,Perine,S.Perine,Samaje,,PER095343,44927,PeriSa00,11869,5700,3116389,32005045-5209-5343-a8b2-b2085b20ed79,1995-09-16,RB,RB,RB,RB,70.0,240.0,"https://static.www.nfl.com/image/upload/f_auto,q_auto/league/ur3jv6biq0pefkrgpzty",Oklahoma,Big Twelve Conference,34,2017,2025,CIN,ACT,ACT,Active,9,HB,A,2017.0,4.0,114.0,WAS
00-0033553,J.Conner,James Conner,RB,2024,REG,1094,00-0033553,James Conner,James,James,Conner,J.Conner,James,,CON461999,44917,ConnJa00,11860,5691,3045147,3200434f-4e46-1999-59e9-253cedeec3a5,1995-05-05,RB,RB,RB,RB,73.0,233.0,"https://static.www.nfl.com/image/upload/f_auto,q_auto/league/g5yjordcmt76j0saytzb",Pittsburgh,Atlantic Coast Conference,6,2017,2025,ARI,RES,RES,R/Injured,9,HB,IR,2017.0,3.0,105.0,PIT
00-0033699,A.Ekeler,Austin Ekeler,RB,2024,REG,367,00-0033699,Austin Ekeler,Austin,Austin,Ekeler,A.Ekeler,Austin,,EKE189430,45573,EkelAu00,12164,5865,3068267,3200454b-4518-9430-b8b6-2128b5b3e282,1995-05-17,RB,RB,RB,RB,70.0,200.0,"https://static.www.nfl.com/image/upload/f_auto,q_auto/league/sldndpn2zwt4uhkj2zks",Western State,Rocky Mountain Athletic Conference,30,2017,2025,WAS,RES,RES,R/Injured,9,HB,IR,,,,
00-0033854,D.Ogunbowale,Dare Ogunbowale,RB,2024,REG,112,00-0033854,Dare Ogunbowale,Dare,Oluwadare,Ogunbowale,D.Ogunbowale,Dare,,OGU417955,45719,OgunDa00,12329,6299,2983509,32004f47-5541-7955-59ab-15bd05c31d80,1994-05-04,RB,RB,RB,RB,71.0,205.0,"https://static.www.nfl.com/image/upload/f_auto,q_auto/league/bsm0k0jkytuiej2riudv",Wisconsin,Big Ten Conference,33,2017,2025,HOU,ACT,ACT,Active,7,HB,A,,,,
00-0033893,D.Cook,Dalvin Cook,RB,2024,REG,20,00-0033893,Dalvin Cook,Dalvin,Dalvin,Cook,D.Cook,Dalvin,,COO047079,44853,CookDa01,11796,5627,3116593,3200434f-4f04-7079-ca3d-32c8b4ce8a9a,1995-08-10,RB,RB,RB,RB,70.0,210.0,"https://static.www.nfl.com/image/upload/f_auto,q_auto/league/uurolop9ktcloxqh4fid",Florida State,Atlantic Coast Conference,20,2017,2024,DAL,DEV,DEV,PS; Vet,8,HB,P,2017.0,2.0,41.0,MIN
00-0033897,J.Mixon,Joe Mixon,RB,2024,REG,1016,00-0033897,Joe Mixon,Joe,Joe,Mixon,J.Mixon,Joe,,MIX564388,44860,MixoJo00,11803,5634,3116385,32004d49-5856-4388-c611-05b6fcff1d1d,1996-07-24,RB,RB,,,73.0,220.0,"https://static.www.nfl.com/image/upload/f_auto,q_auto/league/gwyhozfhjgedwdmmjjcf",Oklahoma,Big Twelve Conference,28,2017,2025,HOU,RSN,RES,R/NFIN,9,HB,A,2017.0,2.0,48.0,CIN
00-0033906,A.Kamara,Alvin Kamara,RB,2024,REG,950,00-0033906,Alvin Kamara,Alvin,Alvin,Kamara,A.Kamara,Alvin,,KAM244058,44879,KamaAl00,11822,5653,3054850,32004b41-4d24-4058-5a3b-01bd39e6a25d,1995-07-25,RB,RB,RB,RB,70.0,215.0,"https://static.www.nfl.com/image/upload/f_auto,q_auto/league/uay6uo9lonegelngihki",Tennessee; Hutchinson CC; Alabama,Southeastern Conference,41,2017,2025,NO,ACT,ACT,Active,9,HB,A,2017.0,3.0,67.0,NO
00-0033923,K.Hunt,Kareem Hunt,RB,2024,REG,728,00-0033923,Kareem Hunt,Kareem,Kareem,Hunt,K.Hunt,Kareem,,HUN308934,44898,HuntKa00,11841,5672,3059915,32004855-4e30-8934-bd0d-d8d3d09b6aac,1995-08-06,RB,RB,RB,RB,71.0,216.0,"https://static.www.nfl.com/image/upload/f_auto,q_auto/league/hktvzf8hiupoycyg1kmc",Toledo,Mid-American Conference,29,2017,2025,KC,ACT,ACT,Active,9,HB,A,2017.0,3.0,86.0,KC
00-0033925,D.Foreman,D'Onta Foreman,RB,2024,REG,232,00-0033925,D'Onta Foreman,D'Onta,D'Onta,Foreman,D.Foreman,D'Onta,,FOR392618,44901,ForeDO00,11844,5675,3125116,3200464f-5239-2618-71de-9b22c3939617,1996-04-24,RB,RB,,,73.0,236.0,"https://static.www.nfl.com/image/upload/f_auto,q_auto/league/shlxaet74pmn8arznphw",Texas,Big Twelve Conference,27,2017,2024,CLE,ACT,CUT,R/UFA,6,HB,A,2017.0,3.0,89.0,HOU
00-0033948,Ja.Williams,Jamaal Williams,RB,2024,REG,164,00-0033948,Jamaal Williams,Jamaal,Jamaal,Williams,J.Williams,Jamaal,,WIL328269,44947,WillJa06,11889,5720,2980453,32005749-4c32-8269-4a19-d851ac99ba3c,1995-04-03,RB,RB,RB,RB,72.0,224.0,"https://static.www.nfl.com/image/upload/f_auto,q_auto/league/yxrxpgcwq5qwp88vqnp3",BYU,Independent,21,2017,2024,NO,ACT,ACT,Active,8,HB,A,2017.0,4.0,134.0,GB
00-0033955,J.McNichols,Jeremy McNichols,RB,2024,REG,261,00-0033955,Jeremy McNichols,Jeremy,Jeremy,McNichols,J.McNichols,Jeremy,,MCN750971,44975,McNiJe00,11917,5748,3127586,32004d43-4e75-0971-c818-00cfc1798991,1995-12-26,RB,RB,RB,RB,69.0,205.0,"https://static.www.nfl.com/image/upload/f_auto,q_auto/league/kegqjj5pv7xidm0xwtpy",Boise State,Mountain West Conference,26,2017,2025,WAS,ACT,ACT,Active,5,HB,A,2017.0,5.0,162.0,TB
00-0034115,J.Wilson,Jeff Wilson,RB,2024,REG,57,00-0034115,Jeff Wilson,Jeff,Jeffery,Wilson,J.Wilson,Jeffery,,WIL723340,46377,WilsJe01,29413,7633,3122976,32005749-4c72-3340-3ba4-ceb68768d8f6,1995-11-16,RB,RB,RB,RB,72.0,205.0,"https://static.www.nfl.com/image/private/f_auto,q_auto/league/zorqrtlrizlltgd6pnob",North Texas,Conference USA,,2018,2025,MIA,DEV,DEV,PS; Vet,8,HB,P,,,,
00-0034184,G.Edwards,Gus Edwards,RB,2024,REG,365,00-0034184,Gus Edwards,Gus,Augustus,Edwards,G.Edwards,Gus,,EDW471180,46437,EdwaGu00,46027,7251,3051926,32004544-5747-1180-daba-c0c892edc0c8,1995-04-13,RB,RB,RB,RB,73.0,238.0,"https://static.www.nfl.com/image/upload/f_auto,q_auto/league/dyobqe3w5eypevsk3f2b",Rutgers; Miami,Big Ten Conference,4,2018,2024,LAC,ACT,ACT,Active,7,HB,A,,,,
00-0034208,M.Boone,Mike Boone,RB,2024,REG,51,00-0034208,Mike Boone,Mike,Michael,Boone,M.Boone,Mike,,BOO452495,46461,BoonMi00,31615,7454,3139033,3200424f-4f45-2495-f003-8085a5aa378e,1995-07-30,RB,RB,RB,RB,70.0,206.0,"https://static.www.nfl.com/image/upload/f_auto,q_auto/league/yeoyrlaf9hlvowj6fdio",Cincinnati,American Athletic Conference,34,2018,2024,CAR,ACT,CUT,Active,7,HB,A,,,,
00-0034791,N.Chubb,Nick Chubb,RB,2024,REG,332,00-0034791,Nick Chubb,Nick,Nicholas,Chubb,N.Chubb,Nick,,CHU033942,46104,ChubNi00,45783,6920,3128720,32004348-5503-3942-d8b2-181bd658412e,1995-12-27,RB,RB,RB,RB,71.0,227.0,"https://static.www.nfl.com/image/upload/f_auto,q_auto/league/h5y74trx6l8ivpkbmrkt",Georgia,Southeastern Conference,21,2018,2025,HOU,ACT,ACT,Active,8,HB,A,2018.0,2.0,35.0,CLE
00-0034808,J.Kelly,John Kelly,RB,2024,REG,0,00-0034808,John Kelly,John,John,Kelly,J.Kelly,John,,KEL641184,46245,KellJo00,34761,7061,3915381,32004b45-4c64-1184-f35f-fa8ffac29350,1996-10-04,RB,RB,RB,RB,70.0,208.0,"https://static.www.nfl.com/image/upload/f_auto,q_auto/league/pcjtitrxadmpg7ujoddg",Tennessee,Southeastern Conference,,2018,2024,CLE,ACT,ACT,Active,2,HB,P,2018.0,6.0,176.0,LA
00-0034844,S.Barkley,Saquon Barkley,RB,2024,REG,2005,00-0034844,Saquon Barkley,Saquon,Saquon,Barkley,S.Barkley,Saquon,,BAR192674,46071,BarkSa00,45791,6887,3929630,32004241-5219-2674-af43-1519254e563d,1997-02-09,RB,RB,RB,RB,72.0,232.0,"https://static.www.nfl.com/image/upload/f_auto,q_auto/league/ern1nbhivkmwkg82c7v1",Penn State,Big Ten Conference,26,2018,2025,PHI,ACT,ACT,Active,8,HB,A,2018.0,1.0,2.0,NYG
00-0034959,A.Beck,Andrew Beck,RB,2024,REG,0,00-0034959,Andrew Beck,Andrew,Andrew,Beck,A.Beck,Andrew,,BEC046566,48096,BeckAn01,47121,8077,3125107,32004245-4304-6566-b5fa-35b9a8ef10b0,1996-05-15,RB,RB,RB,FB,75.0,255.0,"https://static.www.nfl.com/image/upload/f_auto,q_auto/league/cgfleml3vlakevf285n3",Texas,Big Twelve Conference,47,2019,2025,NYJ,ACT,ACT,Active,6,FB,A,,,,
00-0034972,A.Mattison,Alexander Mattison,RB,2024,REG,420,00-0034972,Alexander Mattison,Alexander,Alexander,Mattison,A.Mattison,Alexander,,MAT599622,47885,MattAl01,45817,7893,4048244,32004d41-5459-9622-25bb-238938a4f96b,1998-06-19,RB,RB,RB,RB,71.0,220.0,"https://static.www.nfl.com/image/upload/f_auto,q_auto/league/mbcaep8diu9yuo3qrtiz",Boise State,Mountain West Conference,8,2019,2025,MIA,RES,RES,R/Injured,7,HB,A,2019.0,3.0,102.0,MIN
00-0034975,J.Hill,Justice Hill,RB,2024,REG,228,00-0034975,Justice Hill,Justice,Justice,Hill,J.Hill,Justice,,HIL326301,47896,HillJu00,45865,7904,4038441,32004849-4c32-6301-179f-7d7fb01289c2,1997-11-14,RB,RB,RB,RB,70.0,205.0,"https://static.www.nfl.com/image/upload/f_auto,q_auto/league/h6p9crhra8ehxju3ubza",Oklahoma State,Big Twelve Conference,43,2019,2025,BAL,RES,RES,R/Injured,7,HB,IR,2019.0,4.0,113.0,BAL
00-0035243,M.Sanders,Miles Sanders,RB,2024,REG,205,00-0035243,Miles Sanders,Miles,Miles,Sanders,M.Sanders,Miles,,SAN153567,47836,SandMi01,40555,7844,4045163,32005341-4e15-3567-869d-79c73965b54e,1997-05-01,RB,RB,RB,RB,71.0,211.0,"https://static.www.nfl.com/image/upload/f_auto,q_auto/league/niyjjkzmxjmesftgjs8y",Penn State,Big Ten Conference,24,2019,2025,DAL,RES,RES,R/Injured,7,HB,IR,2019.0,2.0,53.0,PHI
00-0035250,D.Singletary,Devin Singletary,RB,2024,REG,437,00-0035250,Devin Singletary,Devin,Devin,Singletary,D.Singletary,Devin,,SIN186919,47857,SingDe00,40485,7865,4040761,32005349-4e18-6919-d1e6-003f4632ba87,1997-09-03,RB,RB,RB,RB,67.0,203.0,"https://static.www.nfl.com/image/upload/f_auto,q_auto/league/wqw8ee4nsxsisqb3bagw",Florida Atlantic,Conference USA,26,2019,2025,NYG,ACT,ACT,Active,7,HB,A,2019.0,3.0,74.0,BUF
00-0035261,T.Pollard,Tony Pollard,RB,2024,REG,1079,00-0035261,Tony Pollard,Tony,Tony,Pollard,T.Pollard,Tony,,POL283188,47911,PollTo00,27126,7919,3916148,3200504f-4c28-3188-35b8-d0ae9db0f68a,1997-04-30,RB,RB,RB,RB,72.0,209.0,"https://static.www.nfl.com/image/upload/f_auto,q_auto/league/dvpdczetkdhrqpm8izmd",Memphis,American Athletic Conference,20,2019,2025,TEN,ACT,ACT,Active,7,HB,A,2019.0,4.0,128.0,DAL
00-0035291,T.Williams,Trayveon Williams,RB,2024,REG,0,00-0035291,Trayveon Williams,Trayveon,Trayveon,Williams,T.Williams,Trayveon,,WIL185325,47965,WillTr06,45775,7973,4035222,32005749-4c18-5325-3179-dd521a18c706,1997-10-18,RB,RB,RB,RB,68.0,206.0,"https://static.www.nfl.com/image/upload/f_auto,q_auto/league/zwei0idpruplnhlmpfkr",Texas A&M,Southeastern Conference,38,2019,2025,CLE,ACT,ACT,Active,7,HB,A,2019.0,6.0,182.0,CIN
00-0035311,M.Gaskin,Myles Gaskin,RB,2024,REG,-1,00-0035311,Myles Gaskin,Myles,Myles,Gaskin,M.Gaskin,Myles,,GAS211909,48017,GaskMy00,45914,8025,3886818,32004741-5321-1909-2ae0-a123794bf24d,1997-02-15,RB,RB,RB,RB,70.0,199.0,"https://static.www.nfl.com/image/upload/f_auto,q_auto/league/dn5kacxm99pb95u8dle1",Washington,Pacific Twelve Conference,33,2019,2025,SEA,CUT,CUT,PS; Vet,7,HB,P,2019.0,7.0,234.0,MIA
00-0035537,Ty.Johnson,Ty Johnson,RB,2024,REG,213,00-0035537,Ty Johnson,Ty,Ty,Johnson,T.Johnson,Ty,,JOH000019,47969,JohnTy02,45769,7977,3915411,32004a4f-4800-0019-d088-6a9e623c3c3d,1997-09-17,RB,RB,RB,RB,70.0,210.0,"https://static.www.nfl.com/image/upload/f_auto,q_auto/league/hmnzcfm56ojey6myomjg",Maryland,Big Ten Conference,26,2019,2025,BUF,ACT,ACT,Active,7,HB,A,2019.0,6.0,186.0,DET
00-0035567,C.Reynolds,Craig Reynolds,RB,2024,REG,139,00-0035567,Craig Reynolds,Craig,Craig,Reynolds,C.Reynolds,Craig,,REY121392,48707,ReynCr00,94383,8540,4421446,32005245-5912-1392-3ec5-67a384849051,1996-06-15,RB,RB,RB,RB,71.0,216.0,"https://static.www.nfl.com/image/upload/f_auto,q_auto/league/f5zuttg3hinfqgronrsg",Kutztown,Pennsylvania State Athletic Conference,,2019,2025,NE,DEV,DEV,Prac Sq.; Inj,6,HB,PINJ,,,,
00-0035594,T.Homer,Travis Homer,RB,2024,REG,23,00-0035594,Travis Homer,Travis,Travis,Homer,T.Homer,Travis,,HOM655558,47987,HomeTr00,45859,7995,4037457,3200484f-4d65-5558-456b-7b9fa9f97090,1998-08-07,RB,RB,RB,RB,70.0,211.0,"https://static.www.nfl.com/image/upload/f_auto,q_auto/league/dyyclvfaagspov2ydf3i",Miami,Atlantic Coast Conference,21,2019,2025,CHI,ACT,ACT,Active,7,HB,A,2019.0,6.0,204.0,SEA
00-0035628,D.Johnson,D'Ernest Johnson,RB,2024,REG,143,00-0035628,D'Ernest Johnson,D'Ernest,D'Ernest,Johnson,D.Johnson,D'Ernest,,JOH201643,47605,JohnDE04,45734,8556,3139602,32004a4f-4820-1643-b9f5-85f0b9ca0916,1996-02-27,RB,RB,RB,RB,70.0,208.0,"https://static.www.nfl.com/image/upload/f_auto,q_auto/league/gbe2eojaxid4n3pmo0rj",University of South Florida,American Athletic Conference,34,2019,2025,NE,ACT,ACT,Active,7,HB,A,,,,
00-0035685,D.Montgomery,David Montgomery,RB,2024,REG,775,00-0035685,David Montgomery,David,David,Montgomery,D.Montgomery,David,,MON487374,47856,MontDa01,45719,7864,4035538,32004d4f-4e48-7374-a044-7fb197b6b501,1997-06-07,RB,RB,RB,RB,71.0,230.0,"https://static.www.nfl.com/image/upload/f_auto,q_auto/league/xeb6fq4zimgkksq7uari",Iowa State,Big Twelve Conference,5,2019,2025,DET,ACT,ACT,Active,7,HB,A,2019.0,3.0,73.0,CHI
00-0035700,J.Jacobs,Josh Jacobs,RB,2024,REG,1329,00-0035700,Josh Jacobs,Josh,Joshua,Jacobs,J.Jacobs,Josh,,JAC734615,47807,JacoJo01,45953,7815,4047365,32004a41-4373-4615-60ca-982d07046841,1998-02-11,RB,RB,RB,RB,70.0,223.0,"https://static.www.nfl.com/image/upload/f_auto,q_auto/league/drtobqw2mk7yw3edjgwo",Alabama,Southeastern Conference,8,2019,2025,GB,ACT,ACT,Active,7,HB,A,2019.0,1.0,24.0,LV
00-0035726,J.Johnson,Jakob Johnson,RB,2024,REG,0,00-0035726,Jakob Johnson,Jakob,Jakob,Johnson,J.Johnson,Jakob,,JOH321813,47749,JohnJa12,32565,8050,3115349,32004a4f-4832-1813-4b9e-cb552f1d2888,1994-12-15,RB,RB,RB,FB,75.0,255.0,"https://static.www.nfl.com/image/upload/f_auto,q_auto/league/awuzhbfuubbmxzxxdtsb",Tennessee,Southeastern Conference,43,2019,2025,HOU,DEV,DEV,PS; Vet,6,FB,P,,,,
00-0035806,J.Hasty,JaMycal Hasty,RB,2024,REG,69,00-0035806,JaMycal Hasty,JaMycal,JaMycal,Hasty,J.Hasty,Jamycal,,HAS766320,52708,HastJa02,25582,9172,3928925,32004841-5376-6320-3668-fe378d3d0a54,1996-09-12,RB,RB,RB,RB,68.0,205.0,"https://static.www.nfl.com/image/upload/f_auto,q_auto/league/stvclosmy6zi864kfxw7",Baylor,Big Twelve Conference,,2020,2025,MIA,DEV,DEV,PS; Vet,6,HB,A,,,,
00-0035860,T.Jones,Tony Jones,RB,2024,REG,55,00-0035860,Tony Jones,Tony,Tony,Jones,T.Jones,Tony,,JON764018,52762,JoneTo04,40498,9384,4046676,32004a4f-4e76-4018-3eec-a5a491649382,1997-11-24,RB,RB,RB,RB,71.0,224.0,"https://static.www.nfl.com/image/private/f_auto,q_auto/league/cgvll8lokulmws98olfa",Notre Dame,Independent,37,2020,2024,ARI,DEV,DEV,PS; Vet,4,HB,P,,,,
00-0035924,J.Ward,Jonathan Ward,RB,2024,REG,22,00-0035924,Jonathan Ward,Jonathan,Jonathan,Ward,J.Ward,Jonathan,,WAR231319,52826,WardJo00,25859,9400,4039274,32005741-5223-1319-7a39-25c10d8660c9,1997-09-30,RB,RB,RB,RB,72.0,202.0,"https://static.www.nfl.com/image/upload/f_auto,q_auto/league/yct3a4xznwcxjvn4iosk",Central Michigan,Mid-American Conference,,2020,2025,BAL,DEV,DEV,PS; Vet,6,HB,A,,,,
00-0035973,P.Taylor,Patrick Taylor,RB,2024,REG,183,00-0035973,Patrick Taylor,Patrick,Patrick,Taylor,P.Taylor,Patrick,,TAY610553,52875,TaylPa01,40448,9152,4039358,32005441-5961-0553-917c-3a56e5a4c26c,1998-04-29,RB,RB,RB,RB,73.0,217.0,"https://static.www.nfl.com/image/upload/f_auto,q_auto/league/nd1utxii5exwfoujq5a4",Memphis,American Athletic Conference,32,2020,2025,SF,RES,RES,R/Injured,5,HB,A,,,,
00-0036096,J.Taylor,J.J. Taylor,RB,2024,REG,44,00-0036096,J.J. Taylor,J.J.,J.J.,Taylor,J.Taylor,J.J.,,TAY377437,53000,TaylJJ01,25512,9280,4039607,32005441-5937-7437-47b8-1ae4c23c7831,1998-01-04,RB,RB,RB,RB,66.0,185.0,"https://static.www.nfl.com/image/upload/f_auto,q_auto/league/m8en6noemyviirgtxlgd",Arizona,Pacific Twelve Conference,38,2020,2024,HOU,DEV,CUT,Active,3,HB,A,,,,
00-0036139,R.Dowdle,Rico Dowdle,RB,2024,REG,1079,00-0036139,Rico Dowdle,Rico,Rico,Dowdle,R.Dowdle,Rico,,DOW329751,53041,DowdRi01,40693,9346,4038815,3200444f-5732-9751-c08c-8032929e63eb,1998-06-14,RB,RB,RB,RB,72.0,215.0,"https://static.www.nfl.com/image/upload/f_auto,q_auto/league/cvnrzndsiaojvvxz8vo5",South Carolina,Southeastern Conference,5,2020,2025,CAR,ACT,ACT,Active,6,HB,A,,,,
00-0036158,J.Dobbins,J.K. Dobbins,RB,2024,REG,905,00-0036158,J.K. Dobbins,J.K.,J.K.,Dobbins,J.Dobbins,J.K.,,DOB207645,52463,DobbJK00,57366,8795,4241985,3200444f-4220-7645-7ee7-94f57d3eed4f,1998-12-17,RB,RB,RB,RB,70.0,212.0,"https://static.www.nfl.com/image/upload/f_auto,q_auto/league/cevotvl3ho5h1mioruyg",Ohio State,Big Ten Conference,27,2020,2025,DEN,RES,RES,R/Injured,6,HB,IR,2020.0,2.0,55.0,BAL
00-0036223,J.Taylor,Jonathan Taylor,RB,2024,REG,1431,00-0036223,Jonathan Taylor,Jonathan,Jonathan,Taylor,J.Taylor,Jonathan,,TAY431618,52449,TaylJo02,57488,8781,4242335,32005441-5943-1618-c081-5dd6b2d0b829,1999-01-19,RB,RB,RB,RB,70.0,226.0,"https://static.www.nfl.com/image/upload/f_auto,q_auto/league/uwmnrhwtwug0wrgkomjk",Wisconsin,Big Ten Conference,28,2020,2025,IND,ACT,ACT,Active,6,HB,A,2020.0,2.0,41.0,IND
00-0036251,Z.Moss,Zack Moss,RB,2024,REG,242,00-0036251,Zack Moss,Zack,Zaccheus,Moss,Z.Moss,Zack,,MOS756406,52494,MossZa00,40341,8826,4035676,32004d4f-5375-6406-2efb-a60ab36c4cc4,1997-12-15,RB,RB,,,70.0,220.0,"https://static.www.nfl.com/image/upload/f_auto,q_auto/league/oxrltdgoquiabhihhgnk",Utah,Pacific Twelve Conference,31,2020,2024,CIN,RES,CUT,Active/NFIN,5,HB,A,2020.0,3.0,86.0,BUF
00-0036275,D.Swift,D'Andre Swift,RB,2024,REG,959,00-0036275,D'Andre Swift,D'Andre,D'Andre,Swift,D.Swift,D'Andre,,SWI228476,52443,SwifDA00,57212,8775,4259545,32005357-4922-8476-53db-e64aaf6e01f5,1999-01-14,RB,RB,RB,RB,68.0,204.0,"https://static.www.nfl.com/image/upload/f_auto,q_auto/league/owpmwzoilitcodc6cmxo",Georgia,Southeastern Conference,4,2020,2025,CHI,ACT,ACT,Active,6,HB,A,2020.0,2.0,35.0,DET
00-0036297,D.Evans,Darrynton Evans,RB,2024,REG,3,00-0036297,Darrynton Evans,Darrynton,Darrynton,Evans,D.Evans,Darrynton,,EVA116537,52501,EvanDa02,40692,8833,4036431,32004556-4111-6537-4adc-98552053123e,1998-07-09,RB,RB,RB,RB,70.0,203.0,"https://static.www.nfl.com/image/upload/f_auto,q_auto/league/akmrd72vwsbpsnuh9775",Appalachian State,Sun Belt Conference,,2020,2024,CHI,ACT,CUT,R/Injured,5,HB,A,2020.0,3.0,93.0,TEN
00-0036328,A.Gibson,Antonio Gibson,RB,2024,REG,538,00-0036328,Antonio Gibson,Antonio,Antonio,Gibson,A.Gibson,Antonio,,GIB415285,52474,GibsAn00,78050,8806,4360294,32004749-4241-5285-a215-d633ff9a6f70,1998-06-23,RB,RB,RB,RB,72.0,228.0,"https://static.www.nfl.com/image/upload/f_auto,q_auto/league/j7ixpkm7u4tdoqwzmbt4",Memphis; East Central JC,American Athletic Conference,4,2020,2025,NE,RES,RES,R/Injured,6,HB,IR,2020.0,3.0,66.0,WAS
00-0036360,C.Edwards-Helaire,Clyde Edwards-Helaire,RB,2024,REG,46,00-0036360,Clyde Edwards-Helaire,Clyde,Clyde,Edwards-Helaire,C.Edwards-Helaire,Clyde,,EDW815562,52440,EdwaCl00,57279,8772,4242214,32004544-5781-5562-8963-df06e680f700,1999-04-11,RB,RB,RB,RB,67.0,207.0,"https://static.www.nfl.com/image/upload/f_auto,q_auto/league/er6tfnyxampiwn74zrui",LSU,Southeastern Conference,,2020,2025,KC,DEV,DEV,PS; Vet,6,HB,P,2020.0,1.0,32.0,KC
00-0036370,J.Kelley,Joshua Kelley,RB,2024,REG,2,00-0036370,Joshua Kelley,Joshua,Joshua,Kelley,J.Kelley,Joshua,,KEL272420,52520,KellJo01,13750,8852,3910544,32004b45-4c27-2420-b6d2-7125878e440b,1997-11-20,RB,RB,,,71.0,212.0,"https://static.www.nfl.com/image/private/f_auto,q_auto/league/fsu6gqcltgnofaakmq6u",UCLA,Pacific Twelve Conference,25,2020,2024,TEN,ACT,CUT,R/UFA,5,HB,A,2020.0,4.0,112.0,LAC
00-0036414,C.Akers,Cam Akers,RB,2024,REG,444,00-0036414,Cam Akers,Cam,Cam,Akers,C.Akers,Cam,,AKE415291,52460,AkerCa00,57206,8792,4240021,3200414b-4541-5291-73e4-84e805a9ffce,1999-06-22,RB,RB,RB,RB,70.0,217.0,"https://static.www.nfl.com/image/upload/f_auto,q_auto/league/dutj0wamu7giwghnmr4m",Florida State,Atlantic Coast Conference,,2020,2025,SEA,ACT,DEV,PS; Vet,5,HB,A,2020.0,2.0,52.0,LA
00-0036425,D.Dallas,DeeJay Dallas,RB,2024,REG,49,00-0036425,DeeJay Dallas,DeeJay,DeeJay,Dallas,D.Dallas,DeeJay,,DAL415290,52552,DallDe00,55632,8884,4240631,32004441-4c41-5290-528d-2115c573d8ed,1998-09-16,RB,RB,RB,RB,70.0,214.0,"https://static.www.nfl.com/image/upload/f_auto,q_auto/league/weotbgqp9f3y1hptcxzm",Miami,Atlantic Coast Conference,,2020,2025,JAX,ACT,ACT,Active,6,HB,A,2020.0,4.0,144.0,SEA
00-0036450,K.Vaughn,Ke'Shawn Vaughn,RB,2024,REG,4,00-0036450,Ke'Shawn Vaughn,Ke'Shawn,Ke'Shawn,Vaughn,K.Vaughn,Ke'Shawn,,VAU458202,52484,VaugKe00,45866,8816,3917612,32005641-5545-8202-856a-988711b103bf,1997-05-04,RB,RB,RB,RB,70.0,214.0,"https://static.www.nfl.com/image/private/f_auto,q_auto/league/npa1msmoqbig9cqznkti",Vanderbilt; Illinois,Southeastern Conference,21,2020,2024,SF,DEV,CUT,Active,5,HB,P,2020.0,3.0,76.0,TB
00-0036555,C.Hubbard,Chuba Hubbard,RB,2024,REG,1195,00-0036555,Chuba Hubbard,Chuba,Chuba,Hubbard,C.Hubbard,Chuba,,HUB179324,53555,HubbCh01,57373,9590,4241416,32004855-4217-9324-a63d-319921de85bb,1999-06-11,RB,RB,RB,RB,73.0,210.0,"https://static.www.nfl.com/image/upload/f_auto,q_auto/league/pjgml85ghq7oa48dctn7",Oklahoma State,Big Twelve Conference,30,2021,2025,CAR,ACT,ACT,Active,5,HB,A,2021.0,4.0,126.0,CAR
00-0036569,G.Brightwell,Gary Brightwell,RB,2024,REG,0,00-0036569,Gary Brightwell,Gary,Gary,Brightwell,G.Brightwell,Gary,,BRI306021,53625,BrigGa00,57133,9660,4245645,32004252-4930-6021-4b99-ec388b94f0eb,1998-02-28,RB,RB,RB,RB,73.0,218.0,"https://static.www.nfl.com/image/upload/f_auto,q_auto/league/egwohqryh9q3pa7erynt",Arizona,Pacific Twelve Conference,32,2021,2025,CIN,DEV,DEV,PS; Vet,4,HB,P,2021.0,6.0,196.0,NYG
00-0036670,J.Jefferson,Jermar Jefferson,RB,2024,REG,22,00-0036670,Jermar Jefferson,Jermar,Jermar,Jefferson,J.Jefferson,Jermar,,JEF237349,53686,JeffJe00,83740,9721,4374033,32004a45-4623-7349-2ea9-d13151c3df59,2000-04-15,RB,RB,RB,RB,70.0,215.0,"https://static.www.nfl.com/image/upload/f_auto,q_auto/league/bkgrgirrdwlm05vqg74b",Oregon State,Pacific Twelve Conference,,2021,2025,ARI,DEV,DEV,Practice Squad,2,HB,P,2021.0,7.0,257.0,DET
00-0036727,A.Prentice,Adam Prentice,RB,2024,REG,0,00-0036727,Adam Prentice,Adam,Adam,Prentice,A.Prentice,Adam,,PRE226147,53932,PrenAd00,35639,9808,3929914,32005052-4522-6147-2079-055f099032bc,1997-01-16,RB,RB,RB,FB,72.0,245.0,"https://static.www.nfl.com/image/upload/f_auto,q_auto/league/v7eu5mvg4n0cg3cbrjxn",South Carolina,Southeastern Conference,46,2021,2025,DEN,ACT,ACT,Active,5,FB,A,,,,
00-0036842,K.Nwangwu,Kene Nwangwu,RB,2024,REG,0,00-0036842,Kene Nwangwu,Kene,Kene,Nwangwu,K.Nwangwu,Kene,,NWA456204,53548,NwanKe00,40547,9583,4035537,32004e57-4145-6204-644d-024f399464aa,1998-02-09,RB,RB,RB,RB,73.0,210.0,"https://static.www.nfl.com/image/upload/f_auto,q_auto/league/rlnqgz517fsohrndgjrb",Iowa State,Big Twelve Conference,34,2021,2025,NYJ,ACT,ACT,Active,5,HB,A,2021.0,4.0,119.0,MIN
00-0036875,R.Stevenson,Rhamondre Stevenson,RB,2024,REG,801,00-0036875,Rhamondre Stevenson,Rhamondre,Rhamondre,Stevenson,R.Stevenson,Rhamondre,,STE703131,53549,StevRh00,98689,9584,4569173,32005354-4570-3131-4f2a-53760868c1d8,1998-02-23,RB,RB,RB,RB,72.0,227.0,"https://static.www.nfl.com/image/upload/f_auto,q_auto/league/ed09migntlyy8ntgvcu1",Oklahoma; Cerritos College,Big Twelve Conference,38,2021,2025,NE,ACT,ACT,Active,5,HB,A,2021.0,4.0,120.0,NE
00-0036893,N.Harris,Najee Harris,RB,2024,REG,1043,00-0036893,Najee Harris,Najee,Najee,Harris,N.Harris,Najee,,HAR493163,53453,HarrNa00,57121,9488,4241457,32004841-5249-3163-f8f5-73c55f8a5c0d,1998-03-09,RB,RB,RB,RB,73.0,242.0,"https://static.www.nfl.com/image/upload/f_auto,q_auto/league/grfxgbvqnzz40r7rdtvk",Alabama,Southeastern Conference,22,2021,2025,LAC,RES,RES,R/Injured,5,HB,IR,2021.0,1.0,24.0,PIT
00-0036906,K.Herbert,Khalil Herbert,RB,2024,REG,130,00-0036906,Khalil Herbert,Khalil,Khalil,Herbert,K.Herbert,Khalil,,HER034169,53646,HerbKh00,41668,9681,4035886,32004845-5203-4169-7d1a-e33edb9fea8e,1998-04-21,RB,RB,RB,RB,69.0,212.0,"https://static.www.nfl.com/image/upload/f_auto,q_auto/league/gjwksf9ygntjmtceeerh",Virginia Tech,Atlantic Coast Conference,31,2021,2025,NYJ,ACT,ACT,Active,5,HB,A,2021.0,6.0,217.0,CHI
00-0036919,K.Gainwell,Kenneth Gainwell,RB,2024,REG,290,00-0036919,Kenneth Gainwell,Kenneth,Kenneth,Gainwell,K.Gainwell,Kenneth,,GAI606964,53579,GainKe00,77737,9614,4371733,32004741-4960-6964-7702-692656fad861,1999-03-14,RB,RB,RB,RB,69.0,200.0,"https://static.www.nfl.com/image/upload/f_auto,q_auto/league/f74x1ywy7oo5kq81vblh",Memphis,American Athletic Conference,14,2021,2025,PIT,ACT,ACT,Active,5,HB,A,2021.0,5.0,150.0,PHI
00-0036924,M.Carter,Michael Carter,RB,2024,REG,131,00-0036924,Michael Carter,Michael,Michael,Carter,M.Carter,Michael,,CAR716520,53536,CartMi03,57337,9571,4240657,32004341-5271-6520-cf4c-d6916bc87e00,1999-05-07,RB,RB,RB,RB,68.0,201.0,"https://static.www.nfl.com/image/upload/f_auto,q_auto/league/e1y7zhd7w3xbthodfa3m",North Carolina,Atlantic Coast Conference,22,2021,2025,ARI,ACT,ACT,Active,4,HB,A,,,,
00-0036950,A.Williams,Avery Williams,RB,2024,REG,0,00-0036950,Avery Williams,Avery,Avery,Williams,A.Williams,Avery,,WIL145932,53612,WillAv02,42873,9647,4048259,32005749-4c14-5932-c5ba-f059c1055afd,1998-07-15,RB,RB,RB,RB,69.0,195.0,"https://static.www.nfl.com/image/upload/f_auto,q_auto/league/udxcy5ukuuppfhemywfn",Boise State,Mountain West Conference,,2021,2025,NYJ,CUT,CUT,PS; Vet,5,HB,A,2021.0,5.0,183.0,ATL
00-0036973,T.Etienne,Travis Etienne,RB,2024,REG,558,00-0036973,Travis Etienne,Travis,Travis,Etienne,T.Etienne,Travis,,ETI426541,53454,EtieTr00,57185,9489,4239996,32004554-4942-6541-8c54-a69299f0a040,1999-01-26,RB,RB,RB,RB,70.0,215.0,"https://static.www.nfl.com/image/upload/f_auto,q_auto/league/gc0iljgj34piecyfueyd",Clemson,Atlantic Coast Conference,1,2021,2025,JAX,ACT,ACT,Active,5,HB,A,2021.0,1.0,25.0,JAX
00-0036984,T.Sermon,Trey Sermon,RB,2024,REG,159,00-0036984,Trey Sermon,Trey,Trey,Sermon,T.Sermon,Trey,,SER440716,53517,SermTr00,57372,9552,4241401,32005345-5244-0716-5cc1-b1699fcf5156,1999-01-30,RB,RB,RB,RB,72.0,215.0,"https://static.www.nfl.com/image/upload/f_auto,q_auto/league/eqhl3xiczodsyqlmsxvr",Ohio State; Oklahoma,Big Ten Conference,27,2021,2025,PIT,DEV,DEV,PS; Vet,5,HB,P,2021.0,3.0,88.0,SF
00-0036997,J.Williams,Javonte Williams,RB,2024,REG,513,00-0036997,Javonte Williams,Javonte,Javonte,Williams,J.Williams,Javonte,,WIL351486,53464,WillJa10,77803,9499,4361579,32005749-4c35-1486-bb3e-8b9e35992111,2000-04-25,RB,RB,RB,RB,70.0,220.0,"https://static.www.nfl.com/image/upload/f_auto,q_auto/league/hwzske22c4wrlf27qrih",North Carolina,Atlantic Coast Conference,33,2021,2025,DAL,ACT,ACT,Active,5,HB,A,2021.0,2.0,35.0,DEN
00-0037085,T.Badie,Tyler Badie,RB,2024,REG,86,00-0037085,Tyler Badie,Tyler,Tyler,Badie,T.Badie,Tyler,,BAD685229,54661,BadiTy00,83714,10241,4362748,32004241-4468-5229-8c1d-59265ee103fc,1999-02-07,RB,RB,RB,RB,68.0,197.0,"https://static.www.nfl.com/image/upload/f_auto,q_auto/league/ger5eiktec0vzmrxjnaw",Missouri,Southeastern Conference,28,2022,2025,DEN,ACT,ACT,Active,2,HB,A,2022.0,6.0,196.0,BAL
00-0037120,T.Goodson,Tyler Goodson,RB,2024,REG,153,00-0037120,Tyler Goodson,Tyler,Tyler,Goodson,T.Goodson,Tyler,,GOO586750,54798,GoodTy00,101659,10443,4429676,3200474f-4f58-6750-ad87-11b65bf232e0,2000-11-10,RB,RB,RB,RB,69.0,197.0,"https://static.www.nfl.com/image/upload/f_auto,q_auto/league/fvuevf0apxtfjwdj7l0e",Iowa,Big Ten Conference,31,2022,2025,IND,ACT,ACT,Active,3,HB,A,,,,
00-0037197,I.Pacheco,Isiah Pacheco,RB,2024,REG,310,00-0037197,Isiah Pacheco,Isiah,Isiah,Pacheco,I.Pacheco,Isiah,,PAC576791,54716,PachIs00,83747,10296,4361529,32005041-4357-6791-9031-d5a8938af2e4,1999-03-02,RB,RB,RB,RB,70.0,216.0,"https://static.www.nfl.com/image/upload/f_auto,q_auto/league/tqshteijt4xhgk2ei9sx",Rutgers,Big Ten Conference,10,2022,2025,KC,ACT,ACT,Active,4,HB,A,2022.0,7.0,251.0,KC
00-0037228,J.Warren,Jaylen Warren,RB,2024,REG,511,00-0037228,Jaylen Warren,Jaylen,Derrell,Warren,J.Warren,Jaylen,,WAR659612,54905,WarrJa01,98692,10552,4569987,32005741-5265-9612-2e68-f9e5f43ac527,1998-11-01,RB,RB,RB,RB,68.0,215.0,"https://static.www.nfl.com/image/upload/f_auto,q_auto/league/f3txbqdarbabqtq4sx98",Oklahoma State,Big Twelve Conference,30,2022,2025,PIT,ACT,ACT,Active,4,HB,A,,,,
00-0037248,J.Cook,James Cook,RB,2024,REG,1009,00-0037248,James Cook,James,James,Cook,J.Cook,James,,COO151970,54528,CookJa01,83666,10108,4379399,3200434f-4f15-1970-d2e5-e575c819187c,1999-09-25,RB,RB,RB,RB,71.0,190.0,"https://static.www.nfl.com/image/upload/f_auto,q_auto/league/anjbznqb9i21wzcgrtbs",Georgia,Southeastern Conference,4,2022,2025,BUF,ACT,ACT,Active,4,HB,A,2022.0,2.0,63.0,BUF
00-0037256,R.White,Rachaad White,RB,2024,REG,613,00-0037256,Rachaad White,Rachaad,Rachaad,White,R.White,Rachaad,,WHI393110,54556,WhitRa01,131633,10136,4697815,32005748-4939-3110-903e-6b6c868dd3ab,1999-01-12,RB,RB,RB,RB,72.0,214.0,"https://static.www.nfl.com/image/upload/f_auto,q_auto/league/sxugbms8ketvgmilnlu3",Arizona State; Mt. San Antonio; Kearney State,Pacific Twelve Conference,1,2022,2025,TB,ACT,ACT,Active,4,HB,A,2022.0,3.0,91.0,TB
00-0037258,D.Pierce,Dameon Pierce,RB,2024,REG,293,00-0037258,Dameon Pierce,Dameon,Dameon,Pierce,D.Pierce,Dameon,,PIE245478,54572,PierDa01,83659,10152,4360238,32005049-4524-5478-115c-8ae11dbeefa6,2000-02-19,RB,RB,RB,RB,70.0,215.0,"https://static.www.nfl.com/image/upload/f_auto,q_auto/league/lifrupicniyrosy1vj9c",Florida,Southeastern Conference,,2022,2025,KC,DEV,DEV,PS; Vet,4,HB,P,2022.0,4.0,107.0,HOU
00-0037263,T.Allgeier,Tyler Allgeier,RB,2024,REG,644,00-0037263,Tyler Allgeier,Tyler,Tyler,Allgeier,T.Allgeier,Tyler,,ALL702582,54616,AllgTy00,83639,10196,4373626,3200414c-4c70-2582-4cca-1a2070c9a090,2000-04-15,RB,RB,RB,RB,71.0,225.0,"https://static.www.nfl.com/image/upload/f_auto,q_auto/league/buwaomfsz4y6orgb0cyg",BYU,Independent,25,2022,2025,ATL,ACT,ACT,Active,4,HB,A,2022.0,5.0,151.0,ATL
00-0037267,J.Ford,Jerome Ford,RB,2024,REG,565,00-0037267,Jerome Ford,Jerome,Jerome,Ford,J.Ford,Jerome,,FOR234027,54621,FordJe00,83601,10201,4372019,3200464f-5223-4027-cb9f-9f2ae803ccd5,1999-09-12,RB,RB,RB,RB,70.0,210.0,"https://static.www.nfl.com/image/private/f_auto,q_auto/league/djggmwo5v8osoboiseo2",Cincinnati; Alabama,American Athletic Conference,34,2022,2025,CLE,RES,RES,R/Injured,4,HB,IR,2022.0,5.0,156.0,CLE
00-0037276,T.Chandler,Ty Chandler,RB,2024,REG,182,00-0037276,Ty Chandler,Ty,Tykevious,Chandler,T.Chandler,Ty,,CHA336645,54634,ChanTy01,62942,10214,4242431,32004348-4133-6645-66e1-215e9c59ff5f,1998-05-12,RB,RB,RB,RB,71.0,204.0,"https://static.www.nfl.com/image/upload/f_auto,q_auto/league/i3urodji7vrb11n4pl06",North Carolina,Atlantic Coast Conference,32,2022,2025,MIN,RSR,RES,R/Injured; DFR,4,HB,A,2022.0,5.0,169.0,MIN
00-0037299,K.Ingram,Keaontay Ingram,RB,2024,REG,0,00-0037299,Keaontay Ingram,Keaontay,Keaontay,Ingram,K.Ingram,Keaontay,,ING566419,54666,IngrKe01,77761,10246,4362087,3200494e-4756-6419-28c3-9e84e33efb7c,1999-10-26,RB,RB,,,72.0,221.0,"https://static.www.nfl.com/image/upload/f_auto,q_auto/league/fa4if2wnlgsmjmkcnxke",USC,Pacific Twelve Conference,30,2022,2025,KC,RES,RES,R/Injured,3,HB,P,2022.0,6.0,201.0,ARI
00-0037429,R.Blackshear,Raheem Blackshear,RB,2024,REG,80,00-0037429,Raheem Blackshear,Raheem,Raheem,Blackshear,R.Blackshear,Raheem,,BLA323565,55014,BlacRa00,57385,10677,4259308,3200424c-4132-3565-e1e9-9bf6ddfec0af,1998-06-05,RB,RB,RB,RB,69.0,190.0,"https://static.www.nfl.com/image/upload/f_auto,q_auto/league/hzdyiuzm78dpedlcicwy",Virginia Tech,Atlantic Coast Conference,,2022,2025,PIT,CUT,TRD,PS; Vet,4,HB,A,,,,
00-0037456,T.Hairston,Troy Hairston,RB,2024,REG,0,00-0037456,Troy Hairston,Troy,Troy,Hairston,T.Hairston,Troy,,HAI761344,55042,HairTr00,65088,10364,4274040,32004841-4976-1344-85f3-927f662c8365,1998-12-08,RB,RB,,,71.0,245.0,"https://static.www.nfl.com/image/upload/f_auto,q_auto/league/niy18wy5q5gpnara4xyn",Central Michigan,Mid-American Conference,34,2022,2024,HOU,DEV,CUT,Waivers/No Rec.,3,FB,P,,,,
00-0037509,S.McCormick,Sincere McCormick,RB,2024,REG,183,00-0037509,Sincere McCormick,Sincere,Sincere,McCormick,S.McCormick,Sincere,,MCC594638,55097,McCoSi00,97119,10663,4430104,32004d43-4359-4638-6f2a-4110341e4bba,2000-09-10,RB,RB,RB,RB,69.0,205.0,"https://static.www.nfl.com/image/upload/f_auto,q_auto/league/u2ynn4otkwexx4s4z24k",Texas-San Antonio,Conference USA,,2022,2025,DEN,CUT,CUT,Practice Squad,3,HB,A,,,,
00-0037525,J.Mason,Jordan Mason,RB,2024,REG,789,00-0037525,Jordan Mason,Jordan,Jordan,Mason,J.Mason,Jordan,,MAS125056,55113,MasoJo00,62946,10413,4360569,32004d41-5312-5056-fafb-b3b690e395a1,1999-05-24,RB,RB,RB,RB,71.0,230.0,"https://static.www.nfl.com/image/upload/f_auto,q_auto/league/ixykwytfrfz1cdxlhj5w",Georgia Tech,Atlantic Coast Conference,27,2022,2025,MIN,ACT,ACT,Active,4,HB,A,,,,
00-0037557,R.Rivers,Ronnie Rivers,RB,2024,REG,99,00-0037557,Ronnie Rivers,Ronnie,Ronnie,Rivers,R.Rivers,Ronnie,,RIV673384,55145,RiveRo01,57208,10408,4243003,32005249-5667-3384-6c78-b7eef7619467,1999-01-31,RB,RB,RB,RB,69.0,192.0,"https://static.www.nfl.com/image/upload/f_auto,q_auto/league/ykza0uhrd73htnmjwbrk",Fresno State,Mountain West Conference,20,2022,2025,LA,ACT,ACT,Active,4,HB,A,,,,
00-0037594,J.Chestnut,Julius Chestnut,RB,2024,REG,102,00-0037594,Julius Chestnut,Julius,Julius,Chestnut,J.Chestnut,Julius,,CHE603251,55182,ChesJu00,109239,10729,4367567,32004348-4560-3251-9278-3d0ccaa1d9cb,2000-10-26,RB,RB,RB,RB,71.0,228.0,"https://static.www.nfl.com/image/upload/f_auto,q_auto/league/glst6wabuuvbrssmidng",Sacred Heart University,Northeast Conference,36,2022,2025,TEN,ACT,ACT,Active,4,HB,A,,,,
00-0037609,A.Shampklin,Aaron Shampklin,RB,2024,REG,17,00-0037609,Aaron Shampklin,Aaron,Aaron,Shampklin,A.Shampklin,Aaron,,SHA110921,55198,ShamAa00,148900,10417,4248068,32005348-4111-0921-1337-9070b65aeb4d,1999-10-18,RB,RB,RB,RB,70.0,195.0,"https://static.www.nfl.com/image/upload/f_auto,q_auto/league/iujjn4h87hwnj9tswfey",Harvard,Ivy League,,2022,2024,PIT,DEV,CUT,Waivers/No Rec.,1,HB,A,,,,
00-0037617,H.Haskins,Hassan Haskins,RB,2024,REG,89,00-0037617,Hassan Haskins,Hassan,Hassan,Haskins,H.Haskins,Hassan,,HAS288544,54596,HaskHa00,83701,10176,4372071,32004841-5328-8544-d8b7-95875ddb3ea1,1999-11-26,RB,RB,RB,RB,74.0,228.0,"https://static.www.nfl.com/image/upload/f_auto,q_auto/league/n9jwsfxyo1xppmhscpik",Michigan,Big Ten Conference,28,2022,2025,LAC,ACT,ACT,Active,4,HB,A,2022.0,4.0,131.0,TEN
00-0037745,V.Jones,Velus Jones Jr.,RB,2024,REG,11,00-0037745,Velus Jones Jr.,Velus,Velus,Jones,V.Jones,Velus,,JON826251,54536,JoneVe00,40573,10116,4035693,32004a4f-4e82-6251-6347-ca9076d159e9,1997-05-11,RB,RB,RB,RB,72.0,200.0,"https://static.www.nfl.com/image/upload/f_auto,q_auto/league/fchis2k7zzpqg9sv1ya1",Tennessee; USC,Southeastern Conference,,2022,2025,SEA,DEV,DEV,PS; Vet,5,HB,P,2022.0,3.0,71.0,CHI
00-0037746,B.Robinson,Brian Robinson,RB,2024,REG,799,00-0037746,Brian Robinson,Brian,Brian,Robinson,B.Robinson,Brian,,ROB736177,54563,RobiBr01,57120,10143,4241474,3200524f-4273-6177-6c0d-d79eb9d007d1,1999-03-22,RB,RB,RB,RB,73.0,225.0,"https://static.www.nfl.com/image/upload/f_auto,q_auto/league/n1xhex1ytisxcbcggqu7",Alabama,Southeastern Conference,3,2022,2025,SF,ACT,ACT,Active,2,HB,A,2022.0,3.0,98.0,WAS
00-0037827,T.Davis-Price,Tyrion Davis-Price,RB,2024,REG,7,00-0037827,Tyrion Davis-Price,Tyrion,Tyrion,Davis-Price,T.Davis-Price,Tyrion,,DAV822552,54558,DaviTy03,99169,10138,4426475,32004441-5682-2552-baf3-6579c14749f1,2000-10-23,RB,RB,RB,RB,73.0,219.0,"https://static.www.nfl.com/image/upload/f_auto,q_auto/league/np2ljgazwwq6sh9015qs",LSU,Southeastern Conference,35,2022,2024,PHI,DEV,CUT,Waivers/No Rec.,3,HB,A,2022.0,3.0,93.0,SF
00-0037840,K.Williams,Kyren Williams,RB,2024,REG,1299,00-0037840,Kyren Williams,Kyren,Kyren,Williams,K.Williams,Kyren,,WIL415359,54629,WillKy02,97118,10209,4430737,32005749-4c41-5359-809b-caeaa1db84d0,2000-08-26,RB,RB,RB,RB,69.0,202.0,"https://static.www.nfl.com/image/upload/f_auto,q_auto/league/smsyrjrwy0lf0hu9hkvg",Notre Dame,Independent,23,2022,2025,LA,ACT,ACT,Active,4,HB,A,2022.0,5.0,164.0,LA
00-0038040,Z.White,Zamir White,RB,2024,REG,183,00-0038040,Zamir White,Zamir,Zamir,White,Z.White,Zamir,,WHI603663,54587,WhitZa01,83665,10167,4361777,32005748-4960-3663-61e2-3aa5c09bf289,1999-09-18,RB,RB,RB,RB,71.0,227.0,"https://static.www.nfl.com/image/upload/f_auto,q_auto/league/jzthyqk2ld52f31ka1ir",Georgia,Southeastern Conference,3,2022,2025,LV,ACT,ACT,Active,4,HB,A,2022.0,4.0,122.0,LV
00-0038098,P.Strong,Pierre Strong,RB,2024,REG,108,00-0038098,Pierre Strong,Pierre,Pierre,Strong,P.Strong,Pierre,,STR658099,54592,StroPi00,66619,10172,4249836,32005354-5265-8099-4e5a-fedfdfa80694,1998-12-10,RB,RB,RB,RB,71.0,215.0,"https://static.www.nfl.com/image/upload/f_auto,q_auto/league/xvsnviejqwulftgrccpb",South Dakota State,Missouri Valley Football Conference,22,2022,2025,GB,DEV,DEV,PS; Vet,4,HB,A,2022.0,4.0,127.0,NE
00-0038120,B.Hall,Breece Hall,RB,2024,REG,876,00-0038120,Breece Hall,Breece,Breece,Hall,B.Hall,Breece,,HAL189796,54501,HallBr03,97636,10081,4427366,32004841-4c18-9796-85f0-25933f010ae8,2001-05-31,RB,RB,RB,RB,71.0,217.0,"https://static.www.nfl.com/image/upload/f_auto,q_auto/league/m3dviruymtm2wl2zcpmr",Iowa State,Big Twelve Conference,20,2022,2025,NYJ,ACT,ACT,Active,4,HB,A,2022.0,2.0,36.0,NYJ
00-0038134,K.Walker,Kenneth Walker III,RB,2024,REG,573,00-0038134,Kenneth Walker III,Kenneth,Kenneth,Walker,K.Walker,Kenneth,,WAL391813,54506,WalkKe00,97199,,4567048,32005741-4c39-1813-7d3e-48047712136d,2000-10-20,RB,RB,RB,RB,69.0,211.0,"https://static.www.nfl.com/image/upload/f_auto,q_auto/league/mnzsnemdzbey5hbahdhk",Michigan State; Wake Forest,Big Ten Conference,9,2022,2025,SEA,ACT,ACT,Active,4,,,2022.0,2.0,41.0,SEA
00-0038396,E.Gray,Eric Gray,RB,2024,REG,31,00-0038396,Eric Gray,Eric,Eric,Gray,E.Gray,Eric,,GRA652870,56037,GrayEr01,99143,10996,4570561,32004752-4165-2870-85bd-e1a472b80efc,1999-11-04,RB,RB,RB,RB,70.0,210.0,"https://static.www.nfl.com/image/upload/f_auto,q_auto/league/ijjxwxv1ccyowzhpuw2k",Oklahoma; Tennessee,Big Twelve Conference,20,2023,2025,NYG,ACT,ACT,Active,3,HB,A,2023.0,5.0,172.0,NYG
00-0038454,K.Mitchell,Keaton Mitchell,RB,2024,REG,30,00-0038454,Keaton Mitchell,Keaton,Keaton,Mitchell,K.Mitchell,Keaton,,MIT376653,56205,MitcKe01,123826,11264,4596334,32004d49-5437-6653-df6c-6e9f57253f37,2002-01-17,RB,RB,RB,RB,68.0,191.0,"https://static.www.nfl.com/image/upload/f_auto,q_auto/league/klpn2btfhgfv5a8dp3jj",East Carolina,American Athletic Conference,34,2023,2025,BAL,ACT,ACT,Active,3,HB,A,,,,
00-0038489,B.VanSumeren,Ben VanSumeren,RB,2024,REG,0,00-0038489,Ben VanSumeren,Ben,Ben,VanSumeren,B.VanSumeren,Ben,,VAN760426,56244,VanSBe00,82523,11289,4372070,32005641-4e76-0426-3d6d-7a25e721bbe1,2000-05-05,RB,RB,RB,FB,74.0,231.0,"https://static.www.nfl.com/image/upload/f_auto,q_auto/league/nkj6hhniksfdsoan2jnm",Michigan State; Michigan,Big Ten Conference,43,2023,2025,PHI,RES,RES,R/Injured,3,LB,A,,,,
00-0038542,B.Robinson,Bijan Robinson,RB,2024,REG,1456,00-0038542,Bijan Robinson,Bijan,Bijan,Robinson,B.Robinson,Bijan,,ROB368260,55872,RobiBi01,123126,10832,4430807,3200524f-4236-8260-6d5f-ae47fe2e0128,2002-01-30,RB,RB,RB,RB,71.0,215.0,"https://static.www.nfl.com/image/upload/f_auto,q_auto/league/rjaf9auhx3lrktzgwpfb",Texas,Big Twelve Conference,7,2023,2025,ATL,ACT,ACT,Active,3,HB,A,2023.0,1.0,8.0,ATL
00-0038551,K.Miller,Kendre Miller,RB,2024,REG,148,00-0038551,Kendre Miller,Kendre,Kendre,Miller,K.Miller,Kendre,,MIL369085,55936,MillKe01,123091,10895,4599739,32004d49-4c36-9085-7b40-672b4733cbc6,2002-06-11,RB,RB,RB,RB,72.0,220.0,"https://static.www.nfl.com/image/upload/f_auto,q_auto/league/jz3mpvifmldus3ipdvu1",TCU,Big Twelve Conference,5,2023,2025,NO,RES,RES,R/Injured,3,HB,IR,2023.0,3.0,71.0,NO
00-0038555,T.Bigsby,Tank Bigsby,RB,2024,REG,766,00-0038555,Tank Bigsby,Tank,Cantavious,Bigsby,T.Bigsby,Tank,,BIG732544,55953,BigsTa00,123974,10912,4429013,32004249-4773-2544-d042-8e63f2fc44d8,2002-08-30,RB,RB,RB,RB,71.0,215.0,"https://static.www.nfl.com/image/upload/f_auto,q_auto/league/nin8aexyipca7g7u7f4a",Auburn,Southeastern Conference,37,2023,2025,PHI,ACT,ACT,Active,3,HB,A,2023.0,3.0,88.0,JAX
00-0038597,C.Brown,Chase Brown,RB,2024,REG,990,00-0038597,Chase Brown,Chase,Chase,Brown,C.Brown,Chase,,BRO340581,56028,BrowCh10,77787,10987,4362238,32004252-4f34-0581-a205-5f41836f80e9,2000-03-21,RB,RB,RB,RB,70.0,211.0,"https://static.www.nfl.com/image/upload/f_auto,q_auto/league/pv3sq3uzosixxexbznq5",Illinois; Western Michigan,Big Ten Conference,30,2023,2025,CIN,ACT,ACT,Active,3,HB,A,2023.0,5.0,163.0,CIN
00-0038611,C.Rodriguez,Chris Rodriguez Jr.,RB,2024,REG,173,00-0038611,Chris Rodriguez Jr.,Chris,Chris,Rodriguez,C.Rodriguez,Chris,,ROD797090,56058,RodrCh00,83689,11017,4362619,3200524f-4479-7090-bc9d-40ffbbc0f4c6,1999-09-26,RB,RB,RB,RB,71.0,224.0,"https://static.www.nfl.com/image/upload/f_auto,q_auto/league/z5nbh1nza9je683o17h1",Kentucky,Southeastern Conference,36,2023,2025,WAS,ACT,ACT,Active,3,HB,A,2023.0,6.0,193.0,WAS
00-0038622,D.Vaughn,Deuce Vaughn,RB,2024,REG,70,00-0038622,Deuce Vaughn,Deuce,Christopher,Vaughn,D.Vaughn,Deuce,,VAU424979,56077,VaugDe00,122624,11036,4431453,32005641-5542-4979-415d-9403ea793f9b,2001-11-02,RB,RB,RB,RB,65.0,185.0,"https://static.www.nfl.com/image/upload/f_auto,q_auto/league/z8lnunc6vvq9qlnidaw3",Kansas State,Big Twelve Conference,,2023,2025,DEN,DEV,DEV,Practice Squad,3,HB,A,2023.0,6.0,212.0,DAL
00-0038636,K.McIntosh,Kenny McIntosh,RB,2024,REG,172,00-0038636,Kenny McIntosh,Kenny,Kenneth,McIntosh,K.McIntosh,Kenny,,MCI500298,56102,McInKe00,99158,11061,4427391,32004d43-4950-0298-3acc-043d70d34f9d,2000-03-03,RB,RB,,,72.0,211.0,"https://static.www.nfl.com/image/upload/f_auto,q_auto/league/ysygpo0sm8rbptosqrrc",Georgia,Southeastern Conference,25,2023,2025,SEA,RES,RES,R/Injured,3,HB,A,2023.0,7.0,237.0,SEA
00-0038678,J.Mims,Jordan Mims,RB,2024,REG,70,00-0038678,Jordan Mims,Jordan,Jordan,Mims,J.Mims,Jordan,,MIM632686,56368,MimsJo00,57209,11422,4243004,32004d49-4d63-2686-7a2a-1afd68065e46,1999-06-16,RB,RB,RB,RB,72.0,205.0,"https://static.www.nfl.com/image/upload/f_auto,q_auto/league/nvamfcrdqvkwtnpgmzdh",Fresno State,Mountain West Conference,24,2023,2025,TEN,DEV,DEV,PS; Exc,2,HB,A,,,,
00-0038685,C.Brooks,Chris Brooks,RB,2024,REG,183,00-0038685,Chris Brooks,Chris,Christopher,Brooks,C.Brooks,Christopher,,BRO120605,56375,BrooCh00,83644,11433,3149687,32004252-4f12-0605-45ae-12dbdf006dbd,2000-01-11,RB,RB,RB,RB,73.0,219.0,"https://static.www.nfl.com/image/upload/f_auto,q_auto/league/nnwloijqopel4em6vfhb",BYU; California,Big Twelve Conference,30,2023,2025,GB,ACT,ACT,Active,3,HB,A,,,,
00-0038705,E.Demercado,Emari Demercado,RB,2024,REG,223,00-0038705,Emari Demercado,Emari,Emari,Demercado,E.Demercado,Emari,,DEM317794,56395,DemeEm00,77763,11202,4362478,32004445-4d31-7794-7d50-f20a6d3e35eb,1999-01-20,RB,RB,RB,RB,69.0,215.0,"https://static.www.nfl.com/image/upload/f_auto,q_auto/league/jasnk9akri8eghfgolsn",TCU,Big Twelve Conference,31,2023,2025,ARI,ACT,ACT,Active,3,HB,A,,,,
00-0038738,H.Luepke,Hunter Luepke,RB,2024,REG,38,00-0038738,Hunter Luepke,Hunter,Hunter,Luepke,H.Luepke,Hunter,,LUE582275,56457,LuepHu00,91319,11379,4383396,32004c55-4558-2275-a74b-84e7c261086e,2000-02-28,RB,RB,RB,FB,73.0,238.0,"https://static.www.nfl.com/image/upload/f_auto,q_auto/league/buachhzmd8p3hq2olwtf",North Dakota State,Missouri Valley Football Conference,40,2023,2025,DAL,ACT,ACT,Active,3,FB,A,,,,
00-0038794,J.McLaughlin,Jaleel McLaughlin,RB,2024,REG,496,00-0038794,Jaleel McLaughlin,Jaleel,Jaleel,McLaughlin,J.McLaughlin,Jaleel,,MCL108550,56513,McLaJa00,138346,11344,4722893,32004d43-4c10-8550-da05-43e7050e7c13,2000-09-13,RB,RB,RB,RB,67.0,187.0,"https://static.www.nfl.com/image/upload/f_auto,q_auto/league/pw2tngyy8k8jlb1qpooo",Youngstown State,Missouri Valley Football Conference,38,2023,2025,DEN,ACT,ACT,Active,3,HB,A,,,,
00-0038797,Em.Wilson,Emanuel Wilson,RB,2024,REG,502,00-0038797,Emanuel Wilson,Emanuel,Emanuel,Wilson,E.Wilson,Emanuel,,WIL682260,56516,WilsEm00,154173,11345,4887558,32005749-4c68-2260-5e7f-2ef51fd68bf8,1999-05-08,RB,RB,RB,RB,71.0,226.0,"https://static.www.nfl.com/image/upload/f_auto,q_auto/league/xni9gnwmhdex7h1ey3jq",Fort Valley State College,Southern Intercollegiate Athletic Conference,23,2023,2025,GB,ACT,ACT,Active,3,HB,A,,,,
00-0038951,S.Tucker,Sean Tucker,RB,2024,REG,308,00-0038951,Sean Tucker,Sean,Sean,Tucker,S.Tucker,Sean,,TUC299932,56663,TuckSe00,123056,11542,4430871,32005455-4329-9932-5316-9ae83817e6e1,2001-10-25,RB,RB,RB,RB,70.0,205.0,"https://static.www.nfl.com/image/upload/f_auto,q_auto/league/zyzp7e2gos47ebzur9gi",Syracuse,Atlantic Coast Conference,44,2023,2025,TB,ACT,ACT,Active,3,HB,A,,,,
00-0039021,R.Johnson,Roschon Johnson,RB,2024,REG,150,00-0039021,Roschon Johnson,Roschon,Roschon,Johnson,R.Johnson,Roschon,,JOH652931,55980,JohnRo07,99467,10939,4426386,32004a4f-4865-2931-d4f5-6e3ddf27f82a,2001-01-31,RB,RB,RB,RB,72.0,227.0,"https://static.www.nfl.com/image/upload/f_auto,q_auto/league/gxzw5kntjivjixre9whh",Texas,Big Twelve Conference,23,2023,2025,CHI,RES,RES,R/Injured,3,HB,IR,2023.0,4.0,115.0,CHI
00-0039032,T.Spears,Tyjae Spears,RB,2024,REG,312,00-0039032,Tyjae Spears,Tyjae,Tyjae,Spears,T.Spears,Tyjae,,SPE113961,55946,SpeaTy00,97195,10905,4428557,32005350-4511-3961-6914-5e32243e62c5,2001-06-15,RB,RB,RB,RB,71.0,195.0,"https://static.www.nfl.com/image/upload/f_auto,q_auto/league/fc7vhbtw80einad9hsfu",Tulane,American Athletic Conference,2,2023,2025,TEN,ACT,ACT,Active,3,HB,A,2023.0,3.0,81.0,TEN
00-0039040,D.Achane,De'Von Achane,RB,2024,REG,907,00-0039040,De'Von Achane,De'Von,De'Von,Achane,D.Achane,Devon,,ACH103822,55949,AchaDe00,124305,10908,4429160,32004143-4810-3822-6a71-b10965e0a57a,2001-10-13,RB,RB,RB,RB,69.0,191.0,"https://static.www.nfl.com/image/upload/f_auto,q_auto/league/xk1xwio0bryfxo1ylweu",Texas A&M,Southeastern Conference,28,2023,2025,MIA,ACT,ACT,Active,3,HB,A,2023.0,3.0,84.0,MIA
00-0039139,J.Gibbs,Jahmyr Gibbs,RB,2024,REG,1412,00-0039139,Jahmyr Gibbs,Jahmyr,Jahmyr,Gibbs,J.Gibbs,Jahmyr,,GIB198578,55876,GibbJa01,122474,10836,4429795,32004749-4219-8578-ca06-2b870fe6f731,2002-03-20,RB,RB,RB,RB,69.0,202.0,"https://static.www.nfl.com/image/upload/f_auto,q_auto/league/hjxk3judytgsxkqiilre",Alabama; Georgia Tech,Southeastern Conference,0,2023,2025,DET,ACT,ACT,Active,3,HB,A,2023.0,1.0,12.0,DET
00-0039165,Z.Charbonnet,Zach Charbonnet,RB,2024,REG,569,00-0039165,Zach Charbonnet,Zach,Zachariah,Charbonnet,Z.Charbonnet,Zach,,CHA548773,55917,CharZa00,97630,10876,4426385,32004348-4154-8773-f098-b6f992d916a2,2001-01-08,RB,RB,RB,RB,73.0,214.0,"https://static.www.nfl.com/image/upload/f_auto,q_auto/league/jqbzg5e8pdltbnb7hc8p",UCLA; Michigan,Pacific Twelve Conference,26,2023,2025,SEA,ACT,ACT,Active,3,HB,A,2023.0,2.0,52.0,SEA
00-0039230,D.Miller,Dante Miller,RB,2024,REG,0,00-0039230,Dante Miller,Dante,Dante,Miller,D.Miller,Dante,,MIL207630,57115,MillDa04,109158,11607,4367510,32004d49-4c20-7630-9052-46340f95363b,1999-05-14,RB,RB,RB,RB,70.0,200.0,"https://static.www.nfl.com/image/upload/f_auto,q_auto/league/cuzuhj2cpwixrscfruc0",South Carolina; Columbia,Southeastern Conference,25,2024,2025,NYG,DEV,DEV,Practice Squad,1,HB,A,,,,
00-0039244,C.Collier,Chris Collier,RB,2024,REG,12,00-0039244,Chris Collier,Chris,Chris,Collier,C.Collier,Chris,,COL406153,57388,CollCh01,142677,12251,4698191,3200434f-4c40-6153-5a69-829aa779534a,2000-03-24,RB,RB,RB,RB,70.0,203.0,"https://static.www.nfl.com/image/upload/f_auto,q_auto/league/oduxbaidoa1x5mzhhiz0",University of Lock Haven,Pennsylvania State Athletic Conference,33,2024,2025,LV,DEV,DEV,PS; Exc,2,HB,A,,,,
00-0039299,G.Holani,George Holani,RB,2024,REG,10,00-0039299,George Holani,George,George,Holani,G.Holani,George,,HOL000290,57448,HolaGe00,72154,12000,4429835,3200484f-4c00-0290-4322-bf5019f19a33,1999-12-16,RB,RB,RB,RB,70.0,210.0,"https://static.www.nfl.com/image/upload/f_auto,q_auto/league/nadkmkb2sqgjhbkpirkg",Boise State,Mountain West Conference,36,2024,2025,SEA,RES,RES,R/Injured,2,HB,IR,,,,
00-0039325,C.Steele,Carson Steele,RB,2024,REG,183,00-0039325,Carson Steele,Carson,Carson,Steele,C.Steele,Carson,,STE027134,57479,SteeCa00,145632,11920,4714365,32005354-4502-7134-7df7-46dbe8c0fb92,2002-10-01,RB,RB,RB,RB,72.0,228.0,"https://static.www.nfl.com/image/upload/f_auto,q_auto/league/fafuydt7skhufescqhxv",UCLA; Ball State,Pacific Twelve Conference,42,2024,2025,KC,DEV,DEV,PS; Exc,2,HB,A,,,,
00-0039344,J.Brooks,Jonathon Brooks,RB,2024,REG,22,00-0039344,Jonathon Brooks,Jonathon,Jonathon,Brooks,J.Brooks,Jonathon,,BRO131669,57167,BrooJo02,144721,11654,4678008,32004252-4f13-1669-de2f-e975d31892d1,2003-07-21,RB,RB,,,72.0,207.0,"https://static.www.nfl.com/image/upload/f_auto,q_auto/league/jah18lvdpgwurx7dgys4",Texas,Big Twelve Conference,24,2024,2025,CAR,PUP,RES,R/PUP,2,HB,RPUP,2024.0,2.0,46.0,CAR
00-0039361,B.Irving,Bucky Irving,RB,2024,REG,1122,00-0039361,Bucky Irving,Bucky,Mar'Keise,Irving,B.Irving,Bucky,,IRV731762,57246,IrviBu00,144970,11733,4596448,32004952-5673-1762-cc21-a0207d2553dd,2002-08-19,RB,RB,RB,RB,70.0,194.0,"https://static.www.nfl.com/image/upload/f_auto,q_auto/league/hmgpumoxwhvrrkcjuuuw",Oregon; Minnesota,Pacific Twelve Conference,7,2024,2025,TB,ACT,ACT,Active,2,HB,A,2024.0,4.0,125.0,TB
00-0039363,I.Guerendo,Isaac Guerendo,RB,2024,REG,420,00-0039363,Isaac Guerendo,Isaac,Isaac,Guerendo,I.Guerendo,Isaac,,GUE547677,57250,GuerIs00,83806,11737,4372561,32004755-4554-7677-8f5d-c4e05fdb16a1,2000-06-28,RB,RB,RB,RB,72.0,221.0,"https://static.www.nfl.com/image/upload/f_auto,q_auto/league/lr1qp5tsa5xshzt02urm",Louisville; Wisconsin,Atlantic Coast Conference,31,2024,2025,SF,ACT,ACT,Active,2,HB,A,2024.0,4.0,129.0,SF
00-0039364,S.Vaki,Sione Vaki,RB,2024,REG,14,00-0039364,Sione Vaki,Sione,Sione,Vaki,S.Vaki,Sione,,VAK189231,57253,VakiSi00,158505,11740,4912274,32005641-4b18-9231-3607-fdeb41216406,2001-07-30,RB,RB,RB,RB,71.0,216.0,"https://static.www.nfl.com/image/upload/f_auto,q_auto/league/jfy4vewdyadb6n1xj2ao",Utah,Pacific Twelve Conference,33,2024,2025,DET,ACT,ACT,Active,2,HB,A,2024.0,4.0,132.0,DET
00-0039373,A.Estime,Audric Estim,RB,2024,REG,310,00-0039373,Audric Estim,Audric,Audric,Estime,A.Estime,Audric,,EST610772,57268,EstiAu00,147476,11755,4569682,32004553-5461-0772-74c0-fa722e2922d5,2003-09-06,RB,RB,RB,RB,71.0,227.0,"https://static.www.nfl.com/image/upload/f_auto,q_auto/league/lcoend1mysjfhl8f4rrt",Notre Dame,Independent,30,2024,2025,NO,ACT,ACT,Active,2,HB,A,2024.0,5.0,147.0,DEN
00-0039384,T.Tracy,Tyrone Tracy Jr.,RB,2024,REG,839,00-0039384,Tyrone Tracy Jr.,Tyrone,Tyrone,Tracy,T.Tracy,Tyrone,,TRA116277,57287,TracTy00,84226,11774,4360516,32005452-4111-6277-e892-3ab02612e4c2,1999-11-23,RB,RB,RB,RB,71.0,210.0,"https://static.www.nfl.com/image/upload/f_auto,q_auto/league/b9nje50lohbprf06xoom",Purdue; Iowa,Big Ten Conference,29,2024,2025,NYG,ACT,ACT,Active,2,HB,A,2024.0,5.0,166.0,NYG
00-0039385,K.Robinson,Keilan Robinson,RB,2024,REG,0,00-0039385,Keilan Robinson,Keilan,Keilan,Robinson,K.Robinson,Keilan,,ROB592180,57288,RobiKe03,97097,11775,4567095,3200524f-4259-2180-dcf9-1af0818fa9b7,2000-02-16,RB,RB,RB,RB,68.0,191.0,"https://static.www.nfl.com/image/upload/f_auto,q_auto/league/nwck4trpye67fej3gm6b",Texas; Alabama,Big Twelve Conference,,2024,2025,NYJ,DEV,DEV,Prac Sq.; Inj,2,HB,A,2024.0,5.0,167.0,JAX
00-0039391,K.Vidal,Kimani Vidal,RB,2024,REG,155,00-0039391,Kimani Vidal,Kimani,Kimani,Vidal,K.Vidal,Kimani,,VID103821,57301,VidaKi00,123727,11789,4430968,32005649-4410-3821-f78f-4dbf76ad9374,2001-08-28,RB,RB,RB,RB,68.0,215.0,"https://static.www.nfl.com/image/upload/f_auto,q_auto/league/huwihtava8gkxzb4cxb8",Troy,Sun Belt Conference,30,2024,2025,LAC,ACT,ACT,Active,2,HB,A,2024.0,6.0,181.0,LAC
00-0039393,J.McClellan,Jase McClellan,RB,2024,REG,32,00-0039393,Jase McClellan,Jase,Jase,McClellan,J.McClellan,Jase,,MCC381205,57306,McClJa05,123926,11794,4429001,32004d43-4338-1205-9802-a1df621d3386,2002-06-25,RB,RB,RB,RB,71.0,212.0,"https://static.www.nfl.com/image/upload/f_auto,q_auto/league/qargp7q40zcnh0tjfc1o",Alabama,Southeastern Conference,30,2024,2024,ATL,RES,CUT,Waivers/No Rec.,0,HB,A,2024.0,6.0,186.0,ATL
00-0039407,D.Laube,Dylan Laube,RB,2024,REG,0,00-0039407,Dylan Laube,Dylan,Dylan,Laube,D.Laube,Dylan,,LAU037491,57328,LaubDy00,88664,11816,4366963,32004c41-5503-7491-8712-116c9eaabb71,1999-12-14,RB,RB,RB,RB,69.0,204.0,"https://static.www.nfl.com/image/upload/f_auto,q_auto/league/lpizdza73bgksstymv5t",New Hampshire,Colonial Athletic Association,23,2024,2025,LV,ACT,ACT,Active,2,HB,A,2024.0,6.0,208.0,LV
00-0039573,B.Watson,Blake Watson,RB,2024,REG,10,00-0039573,Blake Watson,Blake,Blake,Watson,B.Watson,Blake,,WAT311430,57692,WatsBl00,84363,11897,4361604,32005741-5431-1430-1964-a434e34c50b2,1999-10-14,RB,RB,RB,RB,69.0,195.0,"https://static.www.nfl.com/image/upload/f_auto,q_auto/league/fqa3khjrz3ngvq27wgzz",Memphis; Old Dominion,American Athletic Conference,,2024,2025,TEN,DEV,DEV,Prac Sq.; Inj,2,HB,A,,,,
00-0039595,D.Williams,D.J. Williams,RB,2024,REG,0,00-0039595,D.J. Williams,D.J.,D.J.,Williams,D.Williams,D.J.,,WIL236478,57715,WillDJ00,99154,11972,4567216,32005749-4c23-6478-2f8e-c5616b555a79,1999-11-15,RB,RB,,,72.0,225.0,"https://static.www.nfl.com/image/upload/f_auto,q_auto/league/mnptqwcy8vdcsimzfnac",Arizona; Florida State,Big Twelve Conference,30,2024,2024,TB,DEV,CUT,Waivers/No Rec.,0,,,,,,
00-0039603,B.Brooks,British Brooks,RB,2024,REG,2,00-0039603,British Brooks,British,British,Brooks,B.Brooks,British,,BRO118766,57731,BrooBr01,77714,12269,4373273,32004252-4f11-8766-fb4c-cc09f079d780,1999-11-18,RB,RB,RB,FB,71.0,225.0,"https://static.www.nfl.com/image/upload/f_auto,q_auto/league/wpjous6xnyvfbuoupdqd",North Carolina,Atlantic Coast Conference,44,2024,2025,HOU,ACT,ACT,Active,2,FB,A,,,,
00-0039617,J.Kibodi,Jacob Kibodi,RB,2024,REG,24,00-0039617,Jacob Kibodi,Jacob,Jacob,Kibodi,J.Kibodi,Jacob,,KIB426541,57745,KiboJa00,57427,12023,4240911,32004b49-4242-6541-da4f-e52b692a2c56,1998-10-04,RB,RB,RB,RB,73.0,225.0,"https://static.www.nfl.com/image/upload/f_auto,q_auto/league/no7mr4wgu7o2exnmjre8",Lafayette College; Texas A&M,Sun Belt Conference,,2024,2024,CLE,DEV,DEV,Practice Squad,0,HB,A,,,,
00-0039703,C.Schrader,Cody Schrader,RB,2024,REG,3,00-0039703,Cody Schrader,Cody,Cody,Schrader,C.Schrader,Cody,,SCH489290,57866,SchrCo00,157177,11936,4391845,32005343-4848-9290-b9ff-ca2315d7a7cc,1999-09-08,RB,RB,RB,RB,69.0,214.0,"https://static.www.nfl.com/image/upload/f_auto,q_auto/league/gbptxwqdnbu9hppxe03l",Missouri; Truman State University,Southeastern Conference,,2024,2025,DEN,ACT,ACT,Active,2,HB,A,,,,
00-0039738,B.Corum,Blake Corum,RB,2024,REG,207,00-0039738,Blake Corum,Blake,Blake,Corum,B.Corum,Blake,,COR783995,57204,CoruBl00,129574,11691,4429096,3200434f-5278-3995-2ab1-10c11dc750f2,2000-11-25,RB,RB,RB,RB,68.0,210.0,"https://static.www.nfl.com/image/upload/f_auto,q_auto/league/gytdgnrjj3jk8rlfxz85",Michigan,Big Ten Conference,22,2024,2025,LA,ACT,ACT,Active,2,HB,A,2024.0,3.0,83.0,LA
00-0039746,W.Shipley,Will Shipley,RB,2024,REG,82,00-0039746,Will Shipley,Will,William,Shipley,W.Shipley,Will,,SHI386967,57248,ShipWi00,144138,11735,4431545,32005348-4938-6967-5869-f740d03ae02a,2002-08-29,RB,RB,RB,RB,71.0,210.0,"https://static.www.nfl.com/image/upload/f_auto,q_auto/league/rdps3spkhbztc2mbd6ty",Clemson,Atlantic Coast Conference,28,2024,2025,PHI,ACT,ACT,Active,2,HB,A,2024.0,4.0,127.0,PHI
00-0039757,T.Jennings,Terrell Jennings,RB,2024,REG,33,00-0039757,Terrell Jennings,Terrell,Terrell,Jennings,T.Jennings,Terrell,,JEN627185,57841,JennTe00,102408,12285,4427600,32004a45-4e62-7185-d6ac-81311d406644,2001-01-03,RB,RB,RB,RB,72.0,217.0,"https://static.www.nfl.com/image/upload/f_auto,q_auto/league/iddgabjbju6ye5s9mmjg",Florida A&M,Southwestern Athletic Conference,26,2024,2025,NE,RES,RES,R/Injured,1,HB,IR,,,,
00-0039794,B.Allen,Braelon Allen,RB,2024,REG,334,00-0039794,Braelon Allen,Braelon,Braelon,Allen,B.Allen,Braelon,,ALL063734,57255,AlleBr05,145159,11742,4685247,3200414c-4c06-3734-6e11-4c57194f79b4,2004-01-20,RB,RB,RB,RB,73.0,235.0,"https://static.www.nfl.com/image/upload/f_auto,q_auto/league/pdaa8u0x2qepyklabdr3",Wisconsin,Big Ten Conference,0,2024,2025,NYJ,RES,RES,R/Injured,2,HB,IR,2024.0,4.0,134.0,NYJ
00-0039796,R.Ali,Rasheen Ali,RB,2024,REG,31,00-0039796,Rasheen Ali,Rasheen,Rasheen,Ali,R.Ali,Rasheen,,ALI140900,57286,AlixRa00,121717,11773,4690013,3200414c-4914-0900-a1c1-afdcb9da9c39,2001-02-16,RB,RB,RB,RB,71.0,210.0,"https://static.www.nfl.com/image/upload/f_auto,q_auto/league/zwjrkzu3ia3cfrwgotqt",Marshall,Sun Belt Conference,26,2024,2025,BAL,ACT,ACT,Active,2,HB,A,2024.0,5.0,165.0,BAL
00-0039798,I.Davis,Isaiah Davis,RB,2024,REG,174,00-0039798,Isaiah Davis,Isaiah,Isaiah,Davis,I.Davis,Isaiah,,DAV410574,57294,DaviIs00,138299,11781,4695404,32004441-5641-0574-531b-0bc55bd5bc41,2002-02-21,RB,RB,RB,RB,73.0,220.0,"https://static.www.nfl.com/image/upload/f_auto,q_auto/league/hsozhwgsuffsfrc4qdp2",South Dakota State,Missouri Valley Football Conference,32,2024,2025,NYJ,ACT,ACT,Active,2,HB,A,2024.0,5.0,173.0,NYJ
00-0039811,M.Lloyd,MarShawn Lloyd,RB,2024,REG,15,00-0039811,MarShawn Lloyd,MarShawn,MarShawn,Lloyd,M.Lloyd,MarShawn,,LLO673464,57209,LloyMa00,124247,11696,4429023,32004c4c-4f67-3464-78d4-33609054aa9a,2001-01-05,RB,RB,RB,RB,69.0,220.0,"https://static.www.nfl.com/image/upload/f_auto,q_auto/league/ufhthbjqbgb6mggscdc9",USC; South Carolina,Pacific Twelve Conference,32,2024,2025,GB,ACT,ACT,Active,2,HB,A,2024.0,3.0,88.0,GB
00-0039874,J.Wright,Jaylen Wright,RB,2024,REG,249,00-0039874,Jaylen Wright,Jaylen,Jaylen,Wright,J.Wright,Jaylen,,WRI398099,57241,WrigJa04,146934,11728,4682745,32005752-4939-8099-f6ee-7772cc125a42,2003-04-01,RB,RB,RB,RB,70.0,208.0,"https://static.www.nfl.com/image/upload/f_auto,q_auto/league/i3wlfgqsynl7qaa4tsqw",Tennessee,Southeastern Conference,5,2024,2025,MIA,ACT,ACT,Active,2,HB,A,2024.0,4.0,120.0,MIA
00-0039875,R.Davis,Ray Davis,RB,2024,REG,442,00-0039875,Ray Davis,Ray,Re'Mahn,Davis,R.Davis,Ray,,DAV632804,57249,DaviRa04,101072,11736,4429501,32004441-5663-2804-a8ce-2174ee79562e,1999-11-20,RB,RB,RB,RB,68.0,220.0,"https://static.www.nfl.com/image/upload/f_auto,q_auto/league/pm9llppbueodtjjj9u8l",Kentucky; Vanderbilt; Temple,Southeastern Conference,22,2024,2025,BUF,ACT,ACT,Active,2,HB,A,2024.0,4.0,128.0,BUF
00-0039921,T.Benson,Trey Benson,RB,2024,REG,291,00-0039921,Trey Benson,Trey,Trey,Benson,T.Benson,Trey,,BEN649191,57187,BensTr01,131705,11674,4429275,32004245-4e64-9191-567b-28b29177bf93,2002-07-23,RB,RB,RB,RB,72.0,220.0,"https://static.www.nfl.com/image/upload/f_auto,q_auto/league/x2bxb0fd54ffwwdu5scz",Florida State; Oregon,Atlantic Coast Conference,33,2024,2025,ARI,RSR,RES,R/Injured,2,HB,IR,2024.0,3.0,66.0,ARI
